start,end,rate,calibrate
1,13,-0.000450,False
2,14,-0.000490,False
3,15,-0.000550,False
4,16,-0.000590,False
5,17,-0.000590,False
6,18,-0.000600,True
7,19,-0.000600,False
8,20,-0.000570,False
9,21,-0.000540,False
10,22,-0.000500,False
11,23,-0.000430,False
12,24,-0.000370,True
