start,end,rate,calibrate
1,4,-0.002450,False
2,5,-0.002610,False
3,6,-0.002770,True
4,7,-0.002920,False
5,8,-0.003030,False
6,9,-0.003150,True
7,10,-0.003250,False
8,11,-0.003280,False
9,12,-0.003360,True
10,13,-0.003410,False
11,14,-0.003410,False
12,15,-0.003400,True
