start,end,rate,calibrate
1,7,-0.00153,False
2,8,-0.00165,False
3,9,-0.00178,True
4,10,-0.00188,False
5,11,-0.00194,False
6,12,-0.00203,True
7,13,-0.00210,False
8,14,-0.00211,False
9,15,-0.00214,True
10,16,-0.00215,False
11,17,-0.00213,False
12,18,-0.00210,True
13,19,-0.00207,False
14,20,-0.00202,False
15,21,-0.00197,True
16,22,-0.00191,False
17,23,-0.00182,False
18,24,-0.00174,True
